image,class
paper516_aug.jpg,2
glass209_aug.jpg,1
glass255.jpg,1
paper122.jpg,2
paper129.jpg,2
metal409_aug.jpg,5
cardboard2_aug.jpg,3
paper481_aug.jpg,2
cardboard29_aug.jpg,3
paper209.jpg,2
plastic399.jpg,4
plastic104_aug.jpg,4
paper230_aug.jpg,2
metal94.jpg,5
metal99.jpg,5
glass136.jpg,1
paper476_aug.jpg,2
glass264.jpg,1
glass187.jpg,1
paper528_aug.jpg,2
paper281_aug.jpg,2
paper419_aug.jpg,2
cardboard95.jpg,3
paper434_aug.jpg,2
paper356_aug.jpg,2
plastic183.jpg,4
plastic58_aug.jpg,4
paper186_aug.jpg,2
paper224.jpg,2
cardboard267_aug.jpg,3
glass206.jpg,1
trash25.jpg,6
paper464_aug.jpg,2
trash56_aug.jpg,6
glass469.jpg,1
cardboard188.jpg,3
glass157.jpg,1
cardboard277_aug.jpg,3
plastic399_aug.jpg,4
plastic96_aug.jpg,4
paper320.jpg,2
cardboard336_aug.jpg,3
glass318_aug.jpg,1
metal374_aug.jpg,5
glass443_aug.jpg,1
plastic413.jpg,4
paper227_aug.jpg,2
glass148.jpg,1
paper123.jpg,2
metal389.jpg,5
glass328_aug.jpg,1
glass295_aug.jpg,1
paper325.jpg,2
glass127.jpg,1
paper389.jpg,2
plastic153_aug.jpg,4
metal251_aug.jpg,5
paper229.jpg,2
cardboard307_aug.jpg,3
metal237.jpg,5
metal405_aug.jpg,5
metal254.jpg,5
paper194.jpg,2
glass69_aug.jpg,1
metal172_aug.jpg,5
metal61_aug.jpg,5
paper529_aug.jpg,2
metal322_aug.jpg,5
metal130_aug.jpg,5
plastic96.jpg,4
glass177_aug.jpg,1
paper10_aug.jpg,2
metal314.jpg,5
metal44.jpg,5
plastic216_aug.jpg,4
paper13_aug.jpg,2
paper392.jpg,2
paper582_aug.jpg,2
metal144_aug.jpg,5
plastic149.jpg,4
paper559.jpg,2
cardboard195.jpg,3
glass240.jpg,1
cardboard105_aug.jpg,3
metal314_aug.jpg,5
cardboard161_aug.jpg,3
glass60_aug.jpg,1
metal79.jpg,5
metal25_aug.jpg,5
paper417.jpg,2
cardboard337_aug.jpg,3
glass382.jpg,1
glass228_aug.jpg,1
glass358.jpg,1
metal392.jpg,5
glass258_aug.jpg,1
metal255_aug.jpg,5
metal326_aug.jpg,5
plastic42_aug.jpg,4
metal63_aug.jpg,5
paper449_aug.jpg,2
trash133_aug.jpg,6
metal166_aug.jpg,5
metal320.jpg,5
plastic35.jpg,4
paper97.jpg,2
paper161.jpg,2
trash133_aug.jpg,6
glass144_aug.jpg,1
cardboard11_aug.jpg,3
plastic303.jpg,4
plastic441_aug.jpg,4
paper299.jpg,2
metal383.jpg,5
plastic142_aug.jpg,4
metal243.jpg,5
paper557_aug.jpg,2
paper352.jpg,2
glass189_aug.jpg,1
cardboard147.jpg,3
glass366_aug.jpg,1
metal350.jpg,5
cardboard29_aug.jpg,3
paper255.jpg,2
paper430_aug.jpg,2
plastic321_aug.jpg,4
metal205_aug.jpg,5
plastic300.jpg,4
cardboard242_aug.jpg,3
cardboard81_aug.jpg,3
metal35.jpg,5
metal265.jpg,5
plastic269_aug.jpg,4
cardboard352_aug.jpg,3
plastic181_aug.jpg,4
plastic334_aug.jpg,4
paper249.jpg,2
paper523_aug.jpg,2
plastic424.jpg,4
cardboard133_aug.jpg,3
paper10.jpg,2
paper430_aug.jpg,2
metal33_aug.jpg,5
glass339_aug.jpg,1
cardboard161_aug.jpg,3
cardboard137.jpg,3
paper95_aug.jpg,2
cardboard30.jpg,3
trash31.jpg,6
glass487.jpg,1
cardboard394_aug.jpg,3
metal66_aug.jpg,5
plastic67_aug.jpg,4
cardboard192_aug.jpg,3
paper362_aug.jpg,2
metal298.jpg,5
metal203.jpg,5
cardboard140.jpg,3
glass462_aug.jpg,1
metal168.jpg,5
plastic135.jpg,4
trash112_aug.jpg,6
plastic80_aug.jpg,4
plastic13_aug.jpg,4
plastic197.jpg,4
glass400.jpg,1
cardboard87_aug.jpg,3
metal362_aug.jpg,5
plastic133.jpg,4
paper218.jpg,2
cardboard319_aug.jpg,3
plastic33_aug.jpg,4
trash56_aug.jpg,6
trash48.jpg,6
glass106_aug.jpg,1
glass419_aug.jpg,1
paper460_aug.jpg,2
metal198_aug.jpg,5
cardboard131.jpg,3
cardboard15.jpg,3
plastic410_aug.jpg,4
trash97_aug.jpg,6
plastic52.jpg,4
cardboard369.jpg,3
glass406_aug.jpg,1
plastic117.jpg,4
paper415_aug.jpg,2
plastic110.jpg,4
paper499.jpg,2
cardboard122_aug.jpg,3
paper40.jpg,2
trash69_aug.jpg,6
plastic22_aug.jpg,4
paper427_aug.jpg,2
paper264_aug.jpg,2
metal290_aug.jpg,5
trash29.jpg,6
plastic355.jpg,4
metal151.jpg,5
glass192_aug.jpg,1
glass339.jpg,1
glass96_aug.jpg,1
paper197.jpg,2
cardboard104_aug.jpg,3
paper361.jpg,2
metal377.jpg,5
plastic371.jpg,4
cardboard213.jpg,3
plastic249.jpg,4
trash56_aug.jpg,6
glass388_aug.jpg,1
cardboard237_aug.jpg,3
metal116.jpg,5
glass398.jpg,1
paper334_aug.jpg,2
trash18_aug.jpg,6
paper319.jpg,2
trash35.jpg,6
plastic20_aug.jpg,4
cardboard334_aug.jpg,3
glass387_aug.jpg,1
glass181_aug.jpg,1
metal135_aug.jpg,5
metal400.jpg,5
paper509.jpg,2
paper50_aug.jpg,2
plastic357_aug.jpg,4
paper233_aug.jpg,2
plastic418_aug.jpg,4
glass54_aug.jpg,1
plastic76.jpg,4
glass330.jpg,1
glass344.jpg,1
cardboard220.jpg,3
glass54.jpg,1
plastic386_aug.jpg,4
glass295_aug.jpg,1
glass120_aug.jpg,1
glass381_aug.jpg,1
metal22_aug.jpg,5
cardboard161_aug.jpg,3
paper586_aug.jpg,2
glass295_aug.jpg,1
plastic359_aug.jpg,4
metal245.jpg,5
metal90_aug.jpg,5
plastic48.jpg,4
paper118.jpg,2
paper541.jpg,2
paper496.jpg,2
paper455_aug.jpg,2
glass440_aug.jpg,1
plastic321_aug.jpg,4
paper576.jpg,2
glass339_aug.jpg,1
plastic429_aug.jpg,4
metal49_aug.jpg,5
glass249_aug.jpg,1
trash52_aug.jpg,6
cardboard341.jpg,3
paper360.jpg,2
cardboard131_aug.jpg,3
paper13.jpg,2
cardboard272.jpg,3
plastic214_aug.jpg,4
cardboard67.jpg,3
metal234.jpg,5
glass143.jpg,1
plastic391_aug.jpg,4
plastic405_aug.jpg,4
plastic174.jpg,4
glass409.jpg,1
glass441_aug.jpg,1
cardboard394.jpg,3
glass446.jpg,1
glass430.jpg,1
glass150.jpg,1
glass443_aug.jpg,1
plastic358_aug.jpg,4
paper49_aug.jpg,2
glass199_aug.jpg,1
paper345.jpg,2
paper75_aug.jpg,2
cardboard118.jpg,3
trash94_aug.jpg,6
metal281.jpg,5
glass181.jpg,1
plastic139.jpg,4
metal343.jpg,5
glass358_aug.jpg,1
glass378_aug.jpg,1
plastic401.jpg,4
metal127_aug.jpg,5
metal95_aug.jpg,5
glass291.jpg,1
cardboard156.jpg,3
cardboard187_aug.jpg,3
cardboard117.jpg,3
paper487.jpg,2
paper146.jpg,2
paper185.jpg,2
glass87.jpg,1
glass464_aug.jpg,1
cardboard329_aug.jpg,3
glass313_aug.jpg,1
cardboard360.jpg,3
glass3.jpg,1
glass490.jpg,1
paper366_aug.jpg,2
glass63_aug.jpg,1
glass261.jpg,1
metal126.jpg,5
metal107_aug.jpg,5
cardboard257.jpg,3
cardboard176.jpg,3
cardboard287.jpg,3
glass399_aug.jpg,1
plastic392_aug.jpg,4
paper28.jpg,2
glass481.jpg,1
cardboard298.jpg,3
glass473_aug.jpg,1
plastic49.jpg,4
glass66.jpg,1
plastic396.jpg,4
metal8.jpg,5
plastic403.jpg,4
paper343.jpg,2
plastic302.jpg,4
metal327.jpg,5
cardboard29_aug.jpg,3
cardboard217_aug.jpg,3
plastic298.jpg,4
trash98_aug.jpg,6
paper311_aug.jpg,2
cardboard237.jpg,3
metal327_aug.jpg,5
plastic224_aug.jpg,4
glass238_aug.jpg,1
cardboard256.jpg,3
trash60.jpg,6
glass250.jpg,1
paper272_aug.jpg,2
cardboard339.jpg,3
paper86_aug.jpg,2
plastic216_aug.jpg,4
paper180.jpg,2
paper396_aug.jpg,2
glass265_aug.jpg,1
glass473_aug.jpg,1
plastic375_aug.jpg,4
glass149_aug.jpg,1
metal106.jpg,5
paper351.jpg,2
glass319.jpg,1
metal22_aug.jpg,5
metal320_aug.jpg,5
paper527_aug.jpg,2
metal258_aug.jpg,5
cardboard312_aug.jpg,3
cardboard29_aug.jpg,3
paper322.jpg,2
glass263_aug.jpg,1
metal379_aug.jpg,5
paper216.jpg,2
glass96_aug.jpg,1
glass388_aug.jpg,1
metal131.jpg,5
paper91_aug.jpg,2
glass407.jpg,1
cardboard97_aug.jpg,3
metal249.jpg,5
cardboard219_aug.jpg,3
cardboard181.jpg,3
paper125.jpg,2
glass386.jpg,1
paper67_aug.jpg,2
glass16.jpg,1
plastic203.jpg,4
metal405_aug.jpg,5
paper106_aug.jpg,2
plastic192_aug.jpg,4
trash66_aug.jpg,6
metal45.jpg,5
cardboard24_aug.jpg,3
glass346.jpg,1
paper12_aug.jpg,2
glass409_aug.jpg,1
glass34.jpg,1
paper337_aug.jpg,2
plastic185.jpg,4
plastic31_aug.jpg,4
cardboard12_aug.jpg,3
glass483.jpg,1
trash131.jpg,6
plastic384.jpg,4
metal224.jpg,5
paper142.jpg,2
metal364.jpg,5
cardboard323.jpg,3
cardboard52.jpg,3
metal55_aug.jpg,5
plastic455_aug.jpg,4
plastic178_aug.jpg,4
paper503.jpg,2
glass283.jpg,1
glass226.jpg,1
glass338.jpg,1
metal10_aug.jpg,5
cardboard319.jpg,3
metal113_aug.jpg,5
glass234_aug.jpg,1
paper589_aug.jpg,2
glass270_aug.jpg,1
paper149_aug.jpg,2
metal330.jpg,5
cardboard333.jpg,3
paper449_aug.jpg,2
glass274_aug.jpg,1
metal20.jpg,5
glass318.jpg,1
cardboard401.jpg,3
paper67.jpg,2
cardboard382.jpg,3
paper75.jpg,2
paper509_aug.jpg,2
glass422_aug.jpg,1
paper340_aug.jpg,2
plastic204.jpg,4
metal259.jpg,5
cardboard2.jpg,3
plastic283.jpg,4
cardboard112_aug.jpg,3
paper328.jpg,2
glass29.jpg,1
paper139_aug.jpg,2
trash59_aug.jpg,6
cardboard152.jpg,3
plastic53_aug.jpg,4
paper186_aug.jpg,2
paper265.jpg,2
paper301_aug.jpg,2
plastic404_aug.jpg,4
paper392_aug.jpg,2
cardboard184.jpg,3
metal274.jpg,5
cardboard337_aug.jpg,3
paper530_aug.jpg,2
cardboard403_aug.jpg,3
plastic288.jpg,4
plastic118.jpg,4
cardboard329.jpg,3
plastic178_aug.jpg,4
paper537.jpg,2
plastic276.jpg,4
paper113_aug.jpg,2
trash129.jpg,6
paper266.jpg,2
paper439_aug.jpg,2
paper463.jpg,2
trash130_aug.jpg,6
paper277_aug.jpg,2
plastic296.jpg,4
paper210_aug.jpg,2
metal58.jpg,5
cardboard105.jpg,3
cardboard254.jpg,3
glass399.jpg,1
paper24.jpg,2
glass190.jpg,1
metal318.jpg,5
plastic65_aug.jpg,4
paper561_aug.jpg,2
paper511_aug.jpg,2
metal183.jpg,5
cardboard140_aug.jpg,3
metal262.jpg,5
cardboard142_aug.jpg,3
paper367.jpg,2
metal9.jpg,5
glass78_aug.jpg,1
cardboard180_aug.jpg,3
metal121_aug.jpg,5
glass186_aug.jpg,1
metal113.jpg,5
glass345_aug.jpg,1
plastic64.jpg,4
paper551.jpg,2
cardboard314.jpg,3
cardboard244_aug.jpg,3
paper125_aug.jpg,2
metal3.jpg,5
metal310.jpg,5
glass153_aug.jpg,1
paper102.jpg,2
glass204.jpg,1
paper254.jpg,2
paper217.jpg,2
cardboard19_aug.jpg,3
paper497.jpg,2
glass293_aug.jpg,1
glass79.jpg,1
paper143.jpg,2
paper112_aug.jpg,2
paper157_aug.jpg,2
cardboard340_aug.jpg,3
metal283_aug.jpg,5
plastic359.jpg,4
trash20.jpg,6
glass142.jpg,1
cardboard321.jpg,3
metal372.jpg,5
cardboard376_aug.jpg,3
plastic154_aug.jpg,4
plastic24_aug.jpg,4
glass133_aug.jpg,1
plastic461.jpg,4
metal334_aug.jpg,5
plastic382.jpg,4
paper276_aug.jpg,2
glass151_aug.jpg,1
metal248.jpg,5
glass283_aug.jpg,1
paper35.jpg,2
plastic181.jpg,4
paper520.jpg,2
cardboard375_aug.jpg,3
cardboard125_aug.jpg,3
paper532_aug.jpg,2
glass18_aug.jpg,1
plastic122.jpg,4
metal178_aug.jpg,5
metal325.jpg,5
trash55_aug.jpg,6
plastic51_aug.jpg,4
metal108.jpg,5
plastic77_aug.jpg,4
paper87_aug.jpg,2
glass322_aug.jpg,1
paper362.jpg,2
paper69.jpg,2
cardboard334.jpg,3
glass468_aug.jpg,1
glass175.jpg,1
paper236.jpg,2
metal7.jpg,5
glass211_aug.jpg,1
cardboard391_aug.jpg,3
metal288_aug.jpg,5
paper26_aug.jpg,2
glass457.jpg,1
paper63_aug.jpg,2
plastic31_aug.jpg,4
glass295_aug.jpg,1
paper328_aug.jpg,2
paper155.jpg,2
cardboard55_aug.jpg,3
glass244_aug.jpg,1
plastic111.jpg,4
paper148.jpg,2
paper550_aug.jpg,2
cardboard283.jpg,3
metal240_aug.jpg,5
plastic18.jpg,4
metal103_aug.jpg,5
glass493.jpg,1
plastic69_aug.jpg,4
glass156_aug.jpg,1
plastic16.jpg,4
glass245.jpg,1
plastic164.jpg,4
plastic69_aug.jpg,4
plastic230_aug.jpg,4
paper233.jpg,2
plastic10_aug.jpg,4
cardboard251_aug.jpg,3
paper58_aug.jpg,2
plastic63_aug.jpg,4
metal357_aug.jpg,5
cardboard362.jpg,3
glass274.jpg,1
paper303.jpg,2
metal203_aug.jpg,5
cardboard132.jpg,3
trash60_aug.jpg,6
plastic459.jpg,4
plastic156_aug.jpg,4
cardboard222_aug.jpg,3
glass77_aug.jpg,1
paper85_aug.jpg,2
metal67.jpg,5
paper62_aug.jpg,2
paper18_aug.jpg,2
metal325_aug.jpg,5
paper593_aug.jpg,2
plastic17_aug.jpg,4
plastic257_aug.jpg,4
cardboard294.jpg,3
paper147_aug.jpg,2
plastic160.jpg,4
paper455_aug.jpg,2
metal164.jpg,5
metal120.jpg,5
cardboard321_aug.jpg,3
paper557_aug.jpg,2
cardboard7.jpg,3
cardboard303_aug.jpg,3
paper136_aug.jpg,2
metal229.jpg,5
paper21.jpg,2
glass313.jpg,1
paper239.jpg,2
trash133.jpg,6
plastic447_aug.jpg,4
paper472_aug.jpg,2
trash81_aug.jpg,6
cardboard81_aug.jpg,3
glass490_aug.jpg,1
cardboard135.jpg,3
glass161.jpg,1
plastic188.jpg,4
trash64.jpg,6
plastic441_aug.jpg,4
paper554_aug.jpg,2
glass165.jpg,1
glass384.jpg,1
plastic91_aug.jpg,4
metal135_aug.jpg,5
plastic69_aug.jpg,4
cardboard222.jpg,3
glass445.jpg,1
trash69_aug.jpg,6
glass249.jpg,1
plastic10.jpg,4
plastic181_aug.jpg,4
paper425_aug.jpg,2
paper4.jpg,2
cardboard264_aug.jpg,3
paper471.jpg,2
paper342.jpg,2
plastic50_aug.jpg,4
trash126.jpg,6
paper32_aug.jpg,2
paper298.jpg,2
paper11.jpg,2
plastic96_aug.jpg,4
metal316.jpg,5
plastic371_aug.jpg,4
paper220_aug.jpg,2
plastic458.jpg,4
cardboard97.jpg,3
plastic131.jpg,4
trash99.jpg,6
plastic88.jpg,4
plastic368.jpg,4
plastic58.jpg,4
cardboard50.jpg,3
plastic415.jpg,4
plastic166_aug.jpg,4
glass477_aug.jpg,1
paper578_aug.jpg,2
trash108_aug.jpg,6
paper535.jpg,2
plastic45_aug.jpg,4
metal111.jpg,5
trash42_aug.jpg,6
metal362_aug.jpg,5
glass378_aug.jpg,1
metal103_aug.jpg,5
metal95.jpg,5
cardboard168.jpg,3
cardboard6.jpg,3
plastic432.jpg,4
plastic123.jpg,4
plastic116_aug.jpg,4
cardboard360_aug.jpg,3
metal368.jpg,5
plastic410_aug.jpg,4
cardboard187.jpg,3
cardboard32.jpg,3
paper48.jpg,2
cardboard202.jpg,3
plastic295_aug.jpg,4
paper237.jpg,2
metal50_aug.jpg,5
plastic208_aug.jpg,4
plastic350.jpg,4
metal239_aug.jpg,5
metal26_aug.jpg,5
cardboard71.jpg,3
cardboard173_aug.jpg,3
paper15_aug.jpg,2
cardboard23.jpg,3
plastic274_aug.jpg,4
plastic61.jpg,4
paper39_aug.jpg,2
trash107.jpg,6
glass186_aug.jpg,1
plastic224.jpg,4
metal118_aug.jpg,5
plastic92.jpg,4
trash77_aug.jpg,6
glass14_aug.jpg,1
plastic398.jpg,4
plastic308_aug.jpg,4
trash50.jpg,6
plastic301_aug.jpg,4
paper421_aug.jpg,2
metal362_aug.jpg,5
paper261.jpg,2
plastic313.jpg,4
plastic464_aug.jpg,4
paper261_aug.jpg,2
cardboard98.jpg,3
metal209_aug.jpg,5
paper417_aug.jpg,2
paper372.jpg,2
paper176_aug.jpg,2
metal331.jpg,5
glass412.jpg,1
plastic20.jpg,4
paper65.jpg,2
plastic174_aug.jpg,4
glass30.jpg,1
metal268_aug.jpg,5
plastic124.jpg,4
plastic259.jpg,4
trash123.jpg,6
metal293.jpg,5
glass7_aug.jpg,1
cardboard192.jpg,3
paper554.jpg,2
cardboard285.jpg,3
metal278.jpg,5
metal2_aug.jpg,5
glass413.jpg,1
glass218.jpg,1
cardboard336.jpg,3
plastic127.jpg,4
plastic387.jpg,4
cardboard389.jpg,3
metal276.jpg,5
cardboard53.jpg,3
plastic16_aug.jpg,4
plastic190.jpg,4
metal145.jpg,5
paper423.jpg,2
metal407.jpg,5
paper89_aug.jpg,2
glass481_aug.jpg,1
metal327_aug.jpg,5
plastic435.jpg,4
cardboard373.jpg,3
cardboard367.jpg,3
glass257.jpg,1
paper544.jpg,2
cardboard234_aug.jpg,3
plastic350_aug.jpg,4
glass126.jpg,1
cardboard271.jpg,3
plastic265_aug.jpg,4
paper79.jpg,2
cardboard185.jpg,3
plastic202.jpg,4
glass235_aug.jpg,1
cardboard377.jpg,3
paper136_aug.jpg,2
glass248_aug.jpg,1
metal107_aug.jpg,5
plastic476.jpg,4
cardboard388_aug.jpg,3
plastic90.jpg,4
plastic278.jpg,4
paper368_aug.jpg,2
plastic433.jpg,4
metal396_aug.jpg,5
cardboard381.jpg,3
glass497_aug.jpg,1
glass314.jpg,1
cardboard34_aug.jpg,3
plastic10_aug.jpg,4
cardboard300_aug.jpg,3
glass402.jpg,1
paper8_aug.jpg,2
glass488_aug.jpg,1
metal165_aug.jpg,5
plastic228_aug.jpg,4
cardboard183.jpg,3
plastic460_aug.jpg,4
plastic154.jpg,4
plastic100.jpg,4
cardboard154_aug.jpg,3
paper305.jpg,2
plastic169.jpg,4
metal251_aug.jpg,5
metal359_aug.jpg,5
metal242.jpg,5
paper232.jpg,2
paper517.jpg,2
cardboard180_aug.jpg,3
glass193.jpg,1
paper449.jpg,2
cardboard77.jpg,3
metal104.jpg,5
cardboard361_aug.jpg,3
plastic87_aug.jpg,4
glass133.jpg,1
paper288_aug.jpg,2
trash121_aug.jpg,6
paper331.jpg,2
cardboard74.jpg,3
trash11_aug.jpg,6
plastic92_aug.jpg,4
cardboard347.jpg,3
metal402_aug.jpg,5
glass258.jpg,1
plastic348.jpg,4
plastic264_aug.jpg,4
glass174_aug.jpg,1
paper203_aug.jpg,2
glass380_aug.jpg,1
cardboard305.jpg,3
plastic137_aug.jpg,4
cardboard196.jpg,3
metal233.jpg,5
cardboard204.jpg,3
metal113_aug.jpg,5
glass336_aug.jpg,1
plastic425_aug.jpg,4
plastic94_aug.jpg,4
paper181.jpg,2
plastic29.jpg,4
plastic83.jpg,4
plastic75_aug.jpg,4
plastic482_aug.jpg,4
cardboard66.jpg,3
cardboard92_aug.jpg,3
glass9.jpg,1
metal338.jpg,5
glass204_aug.jpg,1
glass118.jpg,1
plastic229.jpg,4
cardboard314_aug.jpg,3
trash59.jpg,6
cardboard146.jpg,3
glass83_aug.jpg,1
plastic460_aug.jpg,4
paper315.jpg,2
paper50.jpg,2
paper296.jpg,2
glass184.jpg,1
paper469_aug.jpg,2
paper255_aug.jpg,2
paper311_aug.jpg,2
plastic448_aug.jpg,4
glass478_aug.jpg,1
plastic218.jpg,4
paper34_aug.jpg,2
metal225_aug.jpg,5
paper428.jpg,2
paper50_aug.jpg,2
paper218_aug.jpg,2
metal72_aug.jpg,5
paper55.jpg,2
metal55_aug.jpg,5
cardboard290.jpg,3
metal66.jpg,5
paper446_aug.jpg,2
cardboard148_aug.jpg,3
trash118_aug.jpg,6
paper116_aug.jpg,2
plastic256_aug.jpg,4
paper64.jpg,2
paper222.jpg,2
paper347.jpg,2
plastic62.jpg,4
glass162_aug.jpg,1
glass14.jpg,1
paper416.jpg,2
trash112_aug.jpg,6
cardboard363_aug.jpg,3
glass496.jpg,1
trash55.jpg,6
glass101.jpg,1
glass120_aug.jpg,1
trash9_aug.jpg,6
metal378_aug.jpg,5
metal384_aug.jpg,5
metal69.jpg,5
glass373.jpg,1
cardboard379.jpg,3
paper432.jpg,2
metal66_aug.jpg,5
glass73_aug.jpg,1
plastic442.jpg,4
paper269_aug.jpg,2
metal79_aug.jpg,5
cardboard13_aug.jpg,3
plastic25.jpg,4
paper101.jpg,2
plastic87.jpg,4
paper211.jpg,2
cardboard33.jpg,3
paper526.jpg,2
cardboard380.jpg,3
paper439.jpg,2
cardboard194.jpg,3
glass103_aug.jpg,1
cardboard173.jpg,3
glass112.jpg,1
paper495_aug.jpg,2
trash18.jpg,6
plastic460.jpg,4
paper113_aug.jpg,2
glass481_aug.jpg,1
glass383_aug.jpg,1
metal66_aug.jpg,5
cardboard42.jpg,3
metal42.jpg,5
glass497.jpg,1
paper115.jpg,2
trash132.jpg,6
glass407_aug.jpg,1
cardboard399_aug.jpg,3
glass431_aug.jpg,1
plastic285_aug.jpg,4
glass277.jpg,1
trash37.jpg,6
plastic230.jpg,4
plastic279.jpg,4
glass378.jpg,1
cardboard325_aug.jpg,3
paper277_aug.jpg,2
trash28_aug.jpg,6
metal216_aug.jpg,5
cardboard78.jpg,3
cardboard197.jpg,3
paper15_aug.jpg,2
glass310_aug.jpg,1
glass270_aug.jpg,1
paper382_aug.jpg,2
cardboard267_aug.jpg,3
plastic366.jpg,4
paper215.jpg,2
cardboard18.jpg,3
paper481_aug.jpg,2
paper414_aug.jpg,2
plastic120_aug.jpg,4
glass362.jpg,1
cardboard196_aug.jpg,3
plastic195.jpg,4
cardboard173_aug.jpg,3
plastic395_aug.jpg,4
cardboard3.jpg,3
plastic325.jpg,4
metal319.jpg,5
glass340.jpg,1
glass180.jpg,1
glass416.jpg,1
plastic22_aug.jpg,4
glass14_aug.jpg,1
plastic192.jpg,4
plastic43_aug.jpg,4
paper32.jpg,2
trash28_aug.jpg,6
glass39.jpg,1
cardboard261_aug.jpg,3
glass15_aug.jpg,1
cardboard112_aug.jpg,3
paper360_aug.jpg,2
glass120_aug.jpg,1
glass159_aug.jpg,1
plastic265.jpg,4
plastic67_aug.jpg,4
metal1.jpg,1
paper540_aug.jpg,2
paper196_aug.jpg,2
cardboard357_aug.jpg,3
metal384_aug.jpg,5
cardboard287_aug.jpg,3
plastic331.jpg,4
paper241.jpg,2
metal244.jpg,5
plastic114.jpg,4
glass22.jpg,1
paper543_aug.jpg,2
glass87_aug.jpg,1
paper81_aug.jpg,2
plastic150_aug.jpg,4
paper186_aug.jpg,2
plastic176_aug.jpg,4
metal102.jpg,5
glass455_aug.jpg,1
glass196.jpg,1
glass174_aug.jpg,1
plastic171.jpg,4
paper66_aug.jpg,2
metal63.jpg,5
glass8.jpg,1
cardboard372.jpg,3
glass331_aug.jpg,1
paper204_aug.jpg,2
paper538.jpg,2
paper530.jpg,2
glass350_aug.jpg,1
metal306.jpg,5
glass410_aug.jpg,1
paper243.jpg,2
paper261_aug.jpg,2
metal310_aug.jpg,5
trash77.jpg,6
metal362_aug.jpg,5
glass453.jpg,1
paper255_aug.jpg,2
glass353_aug.jpg,1
plastic60.jpg,4
glass441.jpg,1
plastic8_aug.jpg,4
glass501_aug.jpg,1
metal263_aug.jpg,5
paper206_aug.jpg,2
metal9_aug.jpg,5
paper519_aug.jpg,2
cardboard81_aug.jpg,3
cardboard296.jpg,3
paper414.jpg,2
glass21.jpg,1
cardboard61_aug.jpg,3
paper241_aug.jpg,2
metal86_aug.jpg,5
plastic288_aug.jpg,4
glass485.jpg,1
cardboard288.jpg,3
cardboard82.jpg,3
glass78_aug.jpg,1
plastic312.jpg,4
metal225_aug.jpg,5
glass221.jpg,1
metal22.jpg,5
paper263.jpg,2
plastic292.jpg,4
cardboard196_aug.jpg,3
metal46.jpg,5
glass263.jpg,1
plastic183_aug.jpg,4
paper136.jpg,2
glass304.jpg,1
glass1.jpg,1
trash2_aug.jpg,6
metal135.jpg,5
glass267.jpg,1
metal76.jpg,5
glass498_aug.jpg,1
metal153_aug.jpg,5
paper577.jpg,2
cardboard139_aug.jpg,3
metal280.jpg,5
metal246_aug.jpg,5
cardboard72_aug.jpg,3
glass286.jpg,1
cardboard341_aug.jpg,3
glass325.jpg,1
paper578.jpg,2
plastic79.jpg,4
plastic394_aug.jpg,4
glass369.jpg,1
paper61.jpg,2
plastic89.jpg,4
metal172_aug.jpg,5
cardboard238.jpg,3
glass287_aug.jpg,1
plastic254.jpg,4
metal34.jpg,5
cardboard29_aug.jpg,3
glass120.jpg,1
trash10_aug.jpg,6
paper178.jpg,2
metal157.jpg,5
glass295_aug.jpg,1
cardboard380_aug.jpg,3
plastic206.jpg,4
paper134.jpg,2
glass461.jpg,1
paper569.jpg,2
plastic316.jpg,4
paper138.jpg,2
paper3_aug.jpg,2
cardboard281_aug.jpg,3
glass118_aug.jpg,1
paper58_aug.jpg,2
paper155_aug.jpg,2
glass317.jpg,1
plastic161.jpg,4
paper161_aug.jpg,2
plastic351_aug.jpg,4
glass89.jpg,1
plastic166.jpg,4
metal65_aug.jpg,5
paper176.jpg,2
cardboard226_aug.jpg,3
cardboard58.jpg,3
paper388_aug.jpg,2
trash120.jpg,6
glass171_aug.jpg,1
paper125_aug.jpg,2
metal341.jpg,5
glass424.jpg,1
glass156_aug.jpg,1
glass91_aug.jpg,1
metal109.jpg,5
paper312.jpg,2
paper594_aug.jpg,2
trash11_aug.jpg,6
metal91.jpg,5
glass379.jpg,1
plastic189.jpg,4
plastic364.jpg,4
paper422.jpg,2
metal127_aug.jpg,5
plastic274_aug.jpg,4
glass306_aug.jpg,1
cardboard81.jpg,3
plastic244_aug.jpg,4
plastic427.jpg,4
paper73.jpg,2
glass1_aug.jpg,1
glass223.jpg,1
paper555_aug.jpg,2
metal275.jpg,5
glass154.jpg,1
cardboard111_aug.jpg,3
glass74.jpg,1
glass323.jpg,1
plastic377.jpg,4
glass244_aug.jpg,1
metal225.jpg,5
metal192.jpg,5
paper302.jpg,2
plastic225_aug.jpg,4
plastic445_aug.jpg,4
metal61.jpg,5
paper443.jpg,2
paper368.jpg,2
paper511.jpg,2
cardboard112_aug.jpg,3
plastic25_aug.jpg,4
paper439_aug.jpg,2
metal172_aug.jpg,5
plastic174_aug.jpg,4
cardboard363_aug.jpg,3
paper46.jpg,2
cardboard40.jpg,3
plastic301_aug.jpg,4
glass397.jpg,1
cardboard175.jpg,3
paper387.jpg,2
cardboard172_aug.jpg,3
plastic269.jpg,4
glass393.jpg,1
metal228.jpg,5
plastic120.jpg,4
metal166_aug.jpg,5
plastic207.jpg,4
cardboard56_aug.jpg,3
paper226.jpg,2
metal162.jpg,5
paper592.jpg,2
metal397_aug.jpg,5
cardboard375.jpg,3
metal234_aug.jpg,5
paper297_aug.jpg,2
plastic307.jpg,4
cardboard337.jpg,3
paper553_aug.jpg,2
plastic454_aug.jpg,4
metal103_aug.jpg,5
paper340_aug.jpg,2
glass84_aug.jpg,1
cardboard248_aug.jpg,3
glass147_aug.jpg,1
metal83_aug.jpg,5
plastic240.jpg,4
glass68.jpg,1
glass455_aug.jpg,1
paper195.jpg,2
glass353_aug.jpg,1
glass169_aug.jpg,1
trash21_aug.jpg,6
metal98.jpg,5
trash100.jpg,6
plastic438.jpg,4
plastic61_aug.jpg,4
paper177_aug.jpg,2
cardboard36.jpg,3
paper282.jpg,2
paper393.jpg,2
paper336.jpg,2
glass499.jpg,1
paper270_aug.jpg,2
paper418.jpg,2
metal186_aug.jpg,5
metal313.jpg,5
glass442_aug.jpg,1
glass371.jpg,1
paper589_aug.jpg,2
glass98.jpg,1
glass20_aug.jpg,1
glass315.jpg,1
glass423.jpg,1
glass451_aug.jpg,1
plastic438_aug.jpg,4
paper349.jpg,2
cardboard256_aug.jpg,3
paper532_aug.jpg,2
cardboard37.jpg,3
paper143_aug.jpg,2
paper539.jpg,2
glass84_aug.jpg,1
glass49_aug.jpg,1
paper340.jpg,2
cardboard273_aug.jpg,3
paper166_aug.jpg,2
paper379.jpg,2
metal347.jpg,5
paper562.jpg,2
plastic236_aug.jpg,4
paper538_aug.jpg,2
plastic232_aug.jpg,4
cardboard4.jpg,3
plastic217.jpg,4
glass489.jpg,1
glass85.jpg,1
plastic280_aug.jpg,4
glass232_aug.jpg,1
metal344.jpg,5
metal409_aug.jpg,5
paper469.jpg,2
paper126.jpg,2
cardboard98_aug.jpg,3
plastic101.jpg,4
cardboard106_aug.jpg,3
cardboard211_aug.jpg,3
metal166_aug.jpg,5
glass292.jpg,1
paper515_aug.jpg,2
metal135_aug.jpg,5
paper501.jpg,2
plastic22.jpg,4
glass133_aug.jpg,1
glass15.jpg,1
metal253_aug.jpg,5
glass10.jpg,1
trash62.jpg,6
paper282_aug.jpg,2
metal304.jpg,5
plastic395_aug.jpg,4
paper123_aug.jpg,2
cardboard171.jpg,3
glass65.jpg,1
glass295.jpg,1
metal60.jpg,5
glass60_aug.jpg,1
plastic267.jpg,4
glass189.jpg,1
cardboard127.jpg,3
cardboard150_aug.jpg,3
paper72_aug.jpg,2
paper488.jpg,2
metal11.jpg,5
glass242_aug.jpg,1
paper248.jpg,2
plastic249_aug.jpg,4
glass256.jpg,1
glass124.jpg,1
paper191_aug.jpg,2
cardboard65_aug.jpg,3
trash95_aug.jpg,6
plastic272.jpg,4
paper157.jpg,2
glass350_aug.jpg,1
paper87.jpg,2
metal205_aug.jpg,5
plastic120_aug.jpg,4
glass234.jpg,1
glass249_aug.jpg,1
metal311.jpg,5
paper464_aug.jpg,2
glass120_aug.jpg,1
metal76_aug.jpg,5
glass292_aug.jpg,1
trash91.jpg,6
metal320_aug.jpg,5
cardboard343.jpg,3
metal342.jpg,5
plastic251_aug.jpg,4
metal155.jpg,5
glass439_aug.jpg,1
metal309_aug.jpg,5
metal241.jpg,5
plastic280_aug.jpg,4
cardboard289_aug.jpg,3
paper496_aug.jpg,2
cardboard178.jpg,3
cardboard214_aug.jpg,3
paper111_aug.jpg,2
glass315_aug.jpg,1
metal399_aug.jpg,5
cardboard211_aug.jpg,3
glass289_aug.jpg,1
metal43.jpg,5
plastic178.jpg,4
paper20.jpg,2
plastic262_aug.jpg,4
plastic113_aug.jpg,4
paper376.jpg,2
plastic104.jpg,4
paper450_aug.jpg,2
cardboard319_aug.jpg,3
plastic134_aug.jpg,4
plastic274_aug.jpg,4
glass218_aug.jpg,1
trash81.jpg,6
plastic216_aug.jpg,4
plastic17_aug.jpg,4
paper149.jpg,2
plastic37.jpg,4
paper334.jpg,2
glass467.jpg,1
metal223.jpg,5
metal204_aug.jpg,5
cardboard158.jpg,3
cardboard106.jpg,3
metal374_aug.jpg,5
metal218.jpg,5
paper280_aug.jpg,2
plastic333.jpg,4
plastic339.jpg,4
plastic104_aug.jpg,4
paper454_aug.jpg,2
glass464_aug.jpg,1
glass251_aug.jpg,1
trash70.jpg,6
metal261.jpg,5
metal60_aug.jpg,5
paper139_aug.jpg,2
plastic473.jpg,4
trash34.jpg,6
plastic172.jpg,4
glass296.jpg,1
metal127_aug.jpg,5
paper383.jpg,2
cardboard385.jpg,3
paper191.jpg,2
cardboard277_aug.jpg,3
metal370.jpg,5
paper477.jpg,2
trash24.jpg,6
paper196_aug.jpg,2
metal2.jpg,5
plastic410.jpg,4
plastic357.jpg,4
paper24_aug.jpg,2
cardboard10_aug.jpg,3
cardboard209.jpg,3
plastic78.jpg,4
cardboard133_aug.jpg,3
paper256.jpg,2
paper282_aug.jpg,2
paper344.jpg,2
paper59.jpg,2
plastic408_aug.jpg,4
glass266_aug.jpg,1
glass343_aug.jpg,1
plastic2.jpg,4
metal321.jpg,5
metal282_aug.jpg,5
plastic348_aug.jpg,4
plastic346_aug.jpg,4
paper565_aug.jpg,2
paper486.jpg,2
paper269.jpg,2
cardboard29_aug.jpg,3
paper443_aug.jpg,2
glass132.jpg,1
glass389.jpg,1
paper397_aug.jpg,2
plastic308_aug.jpg,4
glass55.jpg,1
plastic380.jpg,4
paper42.jpg,2
plastic339_aug.jpg,4
cardboard226_aug.jpg,3
plastic274_aug.jpg,4
glass27.jpg,1
cardboard400.jpg,3
trash119.jpg,6
cardboard173_aug.jpg,3
cardboard390.jpg,3
glass266_aug.jpg,1
glass164_aug.jpg,1
cardboard170.jpg,3
glass227.jpg,1
glass451_aug.jpg,1
cardboard89.jpg,3
metal322.jpg,5
glass108_aug.jpg,1
trash28_aug.jpg,6
metal349_aug.jpg,5
glass456.jpg,1
paper543_aug.jpg,2
cardboard370.jpg,3
plastic354_aug.jpg,4
metal133.jpg,5
metal90_aug.jpg,5
plastic332.jpg,4
metal336.jpg,5
paper231.jpg,2
glass348.jpg,1
paper168.jpg,2
glass336.jpg,1
paper512.jpg,2
glass372.jpg,1
glass205_aug.jpg,1
trash10_aug.jpg,6
paper318.jpg,2
glass358_aug.jpg,1
metal189.jpg,5
glass63_aug.jpg,1
glass165_aug.jpg,1
paper172.jpg,2
cardboard55.jpg,3
glass215.jpg,1
glass366.jpg,1
paper213.jpg,2
plastic256.jpg,4
plastic188_aug.jpg,4
paper138_aug.jpg,2
plastic321_aug.jpg,4
paper591_aug.jpg,2
plastic414.jpg,4
cardboard280.jpg,3
trash130_aug.jpg,6
paper323.jpg,2
plastic120_aug.jpg,4
paper119.jpg,2
trash71.jpg,6
trash5.jpg,6
glass266_aug.jpg,1
cardboard267.jpg,3
paper289_aug.jpg,2
trash85.jpg,6
metal324_aug.jpg,5
paper221.jpg,2
cardboard274.jpg,3
cardboard275.jpg,3
cardboard234_aug.jpg,3
cardboard154_aug.jpg,3
plastic205.jpg,4
paper234.jpg,2
metal75.jpg,5
metal340.jpg,5
plastic244_aug.jpg,4
plastic317.jpg,4
paper435.jpg,2
glass147.jpg,1
plastic343_aug.jpg,4
trash40.jpg,6
cardboard44.jpg,3
paper74.jpg,2
plastic116.jpg,4
glass355.jpg,1
glass244.jpg,1
trash39.jpg,6
cardboard192_aug.jpg,3
plastic228_aug.jpg,4
paper340_aug.jpg,2
paper377_aug.jpg,2
plastic319_aug.jpg,4
paper51_aug.jpg,2
metal147.jpg,5
glass444.jpg,1
glass201.jpg,1
plastic109.jpg,4
cardboard60.jpg,3
paper426.jpg,2
cardboard56_aug.jpg,3
plastic265_aug.jpg,4
plastic84.jpg,4
glass310_aug.jpg,1
glass353_aug.jpg,1
paper200.jpg,2
paper510.jpg,2
cardboard219_aug.jpg,3
paper277_aug.jpg,2
paper525.jpg,2
paper125_aug.jpg,2
trash17.jpg,6
glass417_aug.jpg,1
metal156_aug.jpg,5
plastic265_aug.jpg,4
cardboard129_aug.jpg,3
cardboard94.jpg,3
plastic481.jpg,4
plastic136_aug.jpg,4
glass4_aug.jpg,1
cardboard119.jpg,3
metal177.jpg,5
glass215_aug.jpg,1
paper26.jpg,2
glass320_aug.jpg,1
paper198.jpg,2
plastic208_aug.jpg,4
glass395_aug.jpg,1
glass499_aug.jpg,1
metal130_aug.jpg,5
trash118.jpg,6
trash121.jpg,6
plastic197_aug.jpg,4
trash96.jpg,6
trash8_aug.jpg,6
plastic469_aug.jpg,4
glass354.jpg,1
trash89.jpg,6
metal382_aug.jpg,5
paper166_aug.jpg,2
cardboard38.jpg,3
plastic23.jpg,4
paper411_aug.jpg,2
plastic47.jpg,4
paper272_aug.jpg,2
trash83.jpg,6
paper516.jpg,2
glass377_aug.jpg,1
paper380.jpg,2
cardboard366_aug.jpg,3
metal376.jpg,5
cardboard103_aug.jpg,3
glass208.jpg,1
cardboard239.jpg,3
trash3.jpg,6
paper459.jpg,2
metal192_aug.jpg,5
paper99_aug.jpg,2
plastic258.jpg,4
paper218_aug.jpg,2
paper557_aug.jpg,2
paper123_aug.jpg,2
paper246_aug.jpg,2
plastic85_aug.jpg,4
plastic244_aug.jpg,4
paper173.jpg,2
glass393_aug.jpg,1
glass432.jpg,1
paper565.jpg,2
cardboard47_aug.jpg,3
plastic313_aug.jpg,4
paper423_aug.jpg,2
paper79_aug.jpg,2
plastic236.jpg,4
plastic101_aug.jpg,4
metal308_aug.jpg,5
metal52.jpg,5
plastic372.jpg,4
cardboard359.jpg,3
cardboard277.jpg,3
plastic102_aug.jpg,4
plastic3.jpg,4
paper452.jpg,2
metal314_aug.jpg,5
plastic201.jpg,4
glass371_aug.jpg,1
metal146_aug.jpg,5
plastic156_aug.jpg,4
plastic374.jpg,4
cardboard29_aug.jpg,3
cardboard394_aug.jpg,3
cardboard340.jpg,3
plastic311.jpg,4
paper443_aug.jpg,2
paper572_aug.jpg,2
glass357_aug.jpg,1
glass280.jpg,1
glass363_aug.jpg,1
trash94.jpg,6
glass349.jpg,1
paper420.jpg,2
glass228_aug.jpg,1
glass92.jpg,1
glass221_aug.jpg,1
plastic143.jpg,4
glass272.jpg,1
glass63.jpg,1
glass218_aug.jpg,1
glass60.jpg,1
paper17_aug.jpg,2
cardboard393_aug.jpg,3
paper505.jpg,2
plastic353.jpg,4
glass424_aug.jpg,1
cardboard25.jpg,3
metal66_aug.jpg,5
paper468.jpg,2
trash73.jpg,6
paper50_aug.jpg,2
paper543_aug.jpg,2
glass58_aug.jpg,1
paper399_aug.jpg,2
cardboard203.jpg,3
trash52_aug.jpg,6
metal274_aug.jpg,5
paper507.jpg,2
glass238_aug.jpg,1
plastic20_aug.jpg,4
paper132_aug.jpg,2
metal197.jpg,5
metal219.jpg,5
plastic336.jpg,4
metal128.jpg,5
cardboard84_aug.jpg,3
cardboard300.jpg,3
glass166.jpg,1
cardboard138.jpg,3
plastic295.jpg,4
glass20.jpg,1
glass218_aug.jpg,1
paper114.jpg,2
glass256_aug.jpg,1
metal349.jpg,5
paper190.jpg,2
metal76_aug.jpg,5
trash67.jpg,6
glass154_aug.jpg,1
glass322_aug.jpg,1
metal263.jpg,5
paper473.jpg,2
plastic208.jpg,4
paper545.jpg,2
paper487_aug.jpg,2
paper152.jpg,2
paper238.jpg,2
glass176.jpg,1
glass84.jpg,1
glass390.jpg,1
metal253.jpg,5
cardboard299.jpg,3
cardboard177.jpg,3
plastic383.jpg,4
cardboard29_aug.jpg,3
cardboard208.jpg,3
paper117.jpg,2
cardboard303.jpg,3
cardboard330.jpg,3
paper517_aug.jpg,2
glass188_aug.jpg,1
glass377.jpg,1
cardboard198.jpg,3
plastic58_aug.jpg,4
trash92_aug.jpg,6
paper371.jpg,2
glass464_aug.jpg,1
metal205.jpg,5
glass154_aug.jpg,1
trash103.jpg,6
glass356_aug.jpg,1
metal18_aug.jpg,5
cardboard166.jpg,3
metal386.jpg,5
glass417_aug.jpg,1
plastic65_aug.jpg,4
plastic352_aug.jpg,4
paper233_aug.jpg,2
trash102.jpg,6
glass80.jpg,1
glass72.jpg,1
paper333_aug.jpg,2
glass120_aug.jpg,1
cardboard352_aug.jpg,3
glass228_aug.jpg,1
plastic262.jpg,4
plastic114_aug.jpg,4
plastic248.jpg,4
plastic66.jpg,4
trash106_aug.jpg,6
cardboard218.jpg,3
cardboard8_aug.jpg,3
metal397_aug.jpg,5
cardboard316.jpg,3
metal339.jpg,5
glass448.jpg,1
glass329_aug.jpg,1
trash137.jpg,6
cardboard391.jpg,3
paper285.jpg,2
plastic55.jpg,4
metal236.jpg,5
metal260.jpg,5
glass262.jpg,1
paper485_aug.jpg,2
paper253_aug.jpg,2
cardboard243_aug.jpg,3
metal130_aug.jpg,5
metal263_aug.jpg,5
cardboard103.jpg,3
plastic1.jpg,4
metal13.jpg,5
plastic80.jpg,4
plastic408_aug.jpg,4
paper476_aug.jpg,2
cardboard160.jpg,3
metal390.jpg,5
glass28_aug.jpg,1
plastic328.jpg,4
plastic363_aug.jpg,4
glass225.jpg,1
plastic116_aug.jpg,4
glass219.jpg,1
glass2_aug.jpg,1
paper214.jpg,2
trash7.jpg,6
paper574_aug.jpg,2
glass358_aug.jpg,1
glass380.jpg,1
metal218_aug.jpg,5
glass447_aug.jpg,1
cardboard108.jpg,3
metal362.jpg,5
plastic425_aug.jpg,4
glass403_aug.jpg,1
metal82.jpg,5
cardboard73.jpg,3
glass235_aug.jpg,1
trash134.jpg,6
cardboard165.jpg,3
glass78.jpg,1
paper311_aug.jpg,2
trash106_aug.jpg,6
cardboard65.jpg,3
paper36.jpg,2
plastic70.jpg,4
metal378.jpg,5
plastic309.jpg,4
paper90.jpg,2
glass103.jpg,1
paper60.jpg,2
paper377_aug.jpg,2
glass287_aug.jpg,1
glass243.jpg,1
metal319_aug.jpg,5
glass207_aug.jpg,1
trash112_aug.jpg,6
glass392_aug.jpg,1
metal334_aug.jpg,5
cardboard278.jpg,3
glass45_aug.jpg,1
glass466.jpg,1
plastic237.jpg,4
metal290_aug.jpg,5
paper413.jpg,2
plastic294.jpg,4
cardboard390_aug.jpg,3
metal362_aug.jpg,5
plastic308.jpg,4
cardboard151.jpg,3
glass80_aug.jpg,1
paper531.jpg,2
plastic257_aug.jpg,4
paper156.jpg,2
glass367.jpg,1
metal172.jpg,5
glass42.jpg,1
glass450_aug.jpg,1
metal362_aug.jpg,5
cardboard49.jpg,3
glass494_aug.jpg,1
glass468.jpg,1
plastic232_aug.jpg,4
paper103.jpg,2
plastic46.jpg,4
cardboard141.jpg,3
paper370_aug.jpg,2
metal388_aug.jpg,5
cardboard388.jpg,3
metal4.jpg,5
glass181_aug.jpg,1
metal83.jpg,5
cardboard49_aug.jpg,3
trash16_aug.jpg,6
trash27.jpg,6
glass143_aug.jpg,1
paper267_aug.jpg,2
glass463.jpg,1
glass404.jpg,1
glass32_aug.jpg,1
glass96_aug.jpg,1
cardboard159.jpg,3
plastic280.jpg,4
cardboard282.jpg,3
glass311.jpg,1
cardboard215.jpg,3
glass44.jpg,1
plastic11_aug.jpg,4
cardboard56_aug.jpg,3
paper354_aug.jpg,2
plastic33_aug.jpg,4
metal105.jpg,5
cardboard200_aug.jpg,3
paper519.jpg,2
plastic30.jpg,4
glass125.jpg,1
plastic57.jpg,4
cardboard244_aug.jpg,3
plastic257_aug.jpg,4
cardboard203_aug.jpg,3
metal111_aug.jpg,5
glass295_aug.jpg,1
plastic384_aug.jpg,4
cardboard144_aug.jpg,3
cardboard403_aug.jpg,3
metal48.jpg,5
trash2_aug.jpg,6
cardboard308_aug.jpg,3
paper425.jpg,2
plastic40_aug.jpg,4
metal281_aug.jpg,5
paper533.jpg,2
paper210_aug.jpg,2
cardboard161_aug.jpg,3
metal270_aug.jpg,5
paper377_aug.jpg,2
plastic304.jpg,4
glass152.jpg,1
metal85.jpg,5
plastic454.jpg,4
plastic361.jpg,4
plastic475.jpg,4
paper219.jpg,2
paper294_aug.jpg,2
metal302.jpg,5
glass225_aug.jpg,1
paper121.jpg,2
plastic339_aug.jpg,4
glass88.jpg,1
paper396.jpg,2
trash28_aug.jpg,6
metal65.jpg,5
trash84_aug.jpg,6
plastic107_aug.jpg,4
plastic482_aug.jpg,4
plastic120_aug.jpg,4
plastic27.jpg,4
paper171_aug.jpg,2
glass437_aug.jpg,1
paper43.jpg,2
glass43.jpg,1
glass44_aug.jpg,1
paper41_aug.jpg,2
plastic380_aug.jpg,4
plastic44.jpg,4
paper302_aug.jpg,2
plastic366_aug.jpg,4
metal274_aug.jpg,5
glass302.jpg,1
paper170.jpg,2
metal352_aug.jpg,5
metal375.jpg,5
trash10_aug.jpg,6
plastic269_aug.jpg,4
paper54_aug.jpg,2
paper354.jpg,2
glass5.jpg,1
cardboard286.jpg,3
plastic125.jpg,4
glass146.jpg,1
paper164.jpg,2
paper356_aug.jpg,2
metal359_aug.jpg,5
cardboard344.jpg,3
plastic394.jpg,4
paper458_aug.jpg,2
paper372_aug.jpg,2
metal110_aug.jpg,5
metal121_aug.jpg,5
cardboard233.jpg,3
plastic214.jpg,4
cardboard307.jpg,3
metal269.jpg,5
paper492.jpg,2
paper441.jpg,2
cardboard366_aug.jpg,3
paper591_aug.jpg,2
cardboard92_aug.jpg,3
glass178_aug.jpg,1
paper249_aug.jpg,2
plastic19.jpg,4
paper304.jpg,2
metal234_aug.jpg,5
paper415.jpg,2
paper513.jpg,2
paper310.jpg,2
plastic268.jpg,4
paper210.jpg,2
paper206.jpg,2
cardboard266.jpg,3
metal179.jpg,5
cardboard115.jpg,3
trash88_aug.jpg,6
plastic69.jpg,4
glass47.jpg,1
trash46_aug.jpg,6
paper568.jpg,2
paper565_aug.jpg,2
cardboard12.jpg,3
glass102_aug.jpg,1
metal402_aug.jpg,5
trash82_aug.jpg,6
cardboard41.jpg,3
glass172.jpg,1
cardboard224_aug.jpg,3
plastic338.jpg,4
glass463_aug.jpg,1
plastic55_aug.jpg,4
glass418.jpg,1
cardboard178_aug.jpg,3
paper31_aug.jpg,2
plastic63.jpg,4
plastic438_aug.jpg,4
glass470_aug.jpg,1
plastic241.jpg,4
paper21_aug.jpg,2
paper580.jpg,2
plastic364_aug.jpg,4
glass481_aug.jpg,1
cardboard72.jpg,3
paper104_aug.jpg,2
plastic233.jpg,4
paper57.jpg,2
glass451_aug.jpg,1
paper93_aug.jpg,2
cardboard120_aug.jpg,3
metal2_aug.jpg,5
trash66_aug.jpg,6
plastic457.jpg,4
metal405_aug.jpg,5
cardboard230.jpg,3
metal379_aug.jpg,5
cardboard332_aug.jpg,3
glass316.jpg,1
trash10.jpg,6
plastic425.jpg,4
plastic173.jpg,4
metal175.jpg,5
metal405.jpg,5
metal409_aug.jpg,5
metal181_aug.jpg,5
paper567.jpg,2
paper39.jpg,2
glass122.jpg,1
metal4_aug.jpg,5
glass75.jpg,1
cardboard89_aug.jpg,3
metal119.jpg,5
cardboard14_aug.jpg,3
cardboard366_aug.jpg,3
plastic290_aug.jpg,4
cardboard29_aug.jpg,3
paper534.jpg,2
glass160_aug.jpg,1
glass108_aug.jpg,1
glass391.jpg,1
cardboard399.jpg,3
paper49_aug.jpg,2
trash113.jpg,6
plastic144.jpg,4
trash98_aug.jpg,6
cardboard378_aug.jpg,3
plastic137_aug.jpg,4
trash13.jpg,6
glass494_aug.jpg,1
glass104_aug.jpg,1
metal186_aug.jpg,5
glass367_aug.jpg,1
trash133_aug.jpg,6
glass170.jpg,1
metal333.jpg,5
plastic232_aug.jpg,4
plastic128.jpg,4
metal397.jpg,5
glass358_aug.jpg,1
metal261_aug.jpg,5
cardboard48.jpg,3
metal70.jpg,5
paper398.jpg,2
cardboard308.jpg,3
glass259.jpg,1
metal149_aug.jpg,5
trash82.jpg,6
paper17_aug.jpg,2
glass442.jpg,1
cardboard17.jpg,3
glass385.jpg,1
glass447.jpg,1
metal287_aug.jpg,5
cardboard230_aug.jpg,3
cardboard399_aug.jpg,3
paper527.jpg,2
glass410_aug.jpg,1
cardboard14.jpg,3
plastic293_aug.jpg,4
paper210_aug.jpg,2
trash105_aug.jpg,6
plastic208_aug.jpg,4
cardboard173_aug.jpg,3
paper192_aug.jpg,2
plastic482_aug.jpg,4
paper139_aug.jpg,2
plastic198.jpg,4
glass209_aug.jpg,1
plastic367.jpg,4
plastic255.jpg,4
paper508.jpg,2
glass422_aug.jpg,1
paper284_aug.jpg,2
trash42.jpg,6
cardboard121.jpg,3
trash49.jpg,6
paper368_aug.jpg,2
plastic209.jpg,4
glass178_aug.jpg,1
plastic226.jpg,4
trash75_aug.jpg,6
plastic230_aug.jpg,4
metal328.jpg,5
glass307_aug.jpg,1
plastic337.jpg,4
paper18.jpg,2
cardboard228.jpg,3
metal201_aug.jpg,5
metal21_aug.jpg,5
glass403.jpg,1
metal391_aug.jpg,5
paper588_aug.jpg,2
paper255_aug.jpg,2
paper193.jpg,2
glass426.jpg,1
metal27.jpg,5
metal297_aug.jpg,5
glass283_aug.jpg,1
plastic313_aug.jpg,4
plastic376_aug.jpg,4
paper233_aug.jpg,2
cardboard150.jpg,3
paper77_aug.jpg,2
paper538_aug.jpg,2
metal193_aug.jpg,5
glass392.jpg,1
paper29.jpg,2
glass31.jpg,1
cardboard70_aug.jpg,3
metal100.jpg,5
metal403.jpg,5
glass270.jpg,1
glass315_aug.jpg,1
cardboard191.jpg,3
cardboard128_aug.jpg,3
glass358_aug.jpg,1
glass247_aug.jpg,1
metal304_aug.jpg,5
glass419_aug.jpg,1
paper482.jpg,2
cardboard75_aug.jpg,3
paper248_aug.jpg,2
plastic409.jpg,4
metal212.jpg,5
paper586.jpg,2
paper434.jpg,2
glass181_aug.jpg,1
plastic393.jpg,4
metal130_aug.jpg,5
paper330_aug.jpg,2
cardboard149.jpg,3
glass435_aug.jpg,1
plastic28.jpg,4
cardboard397_aug.jpg,3
glass165_aug.jpg,1
glass491_aug.jpg,1
paper547.jpg,2
cardboard63.jpg,3
plastic257_aug.jpg,4
paper390_aug.jpg,2
glass14_aug.jpg,1
paper82_aug.jpg,2
cardboard335_aug.jpg,3
glass252.jpg,1
plastic220.jpg,4
trash69_aug.jpg,6
glass248.jpg,1
paper311_aug.jpg,2
plastic212.jpg,4
plastic327.jpg,4
metal244_aug.jpg,5
metal95_aug.jpg,5
cardboard267_aug.jpg,3
paper340_aug.jpg,2
metal18.jpg,5
cardboard144.jpg,3
plastic464_aug.jpg,4
paper125_aug.jpg,2
cardboard78_aug.jpg,3
cardboard133.jpg,3
cardboard338.jpg,3
glass370.jpg,1
glass417.jpg,1
metal342_aug.jpg,5
plastic274.jpg,4
plastic121.jpg,4
glass260.jpg,1
glass305.jpg,1
metal211.jpg,5
paper405.jpg,2
metal63_aug.jpg,5
cardboard66_aug.jpg,3
metal316_aug.jpg,5
glass270_aug.jpg,1
paper154_aug.jpg,2
glass41_aug.jpg,1
trash97.jpg,6
paper529.jpg,2
glass281.jpg,1
metal59.jpg,5
plastic43_aug.jpg,4
cardboard213_aug.jpg,3
metal111_aug.jpg,5
metal188.jpg,5
metal409_aug.jpg,5
paper151.jpg,2
plastic190_aug.jpg,4
cardboard279_aug.jpg,3
paper474.jpg,2
glass117_aug.jpg,1
plastic405.jpg,4
metal273.jpg,5
paper120.jpg,2
paper404.jpg,2
cardboard212.jpg,3
plastic378_aug.jpg,4
plastic19_aug.jpg,4
paper572.jpg,2
glass482.jpg,1
metal36.jpg,5
paper332.jpg,2
glass268.jpg,1
paper362_aug.jpg,2
metal6.jpg,5
plastic320_aug.jpg,4
plastic257_aug.jpg,4
metal23_aug.jpg,5
metal193_aug.jpg,5
paper359.jpg,2
trash22.jpg,6
paper88.jpg,2
paper351_aug.jpg,2
glass20_aug.jpg,1
glass133_aug.jpg,1
glass300.jpg,1
trash80.jpg,6
plastic359_aug.jpg,4
plastic134_aug.jpg,4
plastic295_aug.jpg,4
paper201.jpg,2
glass474.jpg,1
metal322_aug.jpg,5
plastic475_aug.jpg,4
metal359.jpg,5
glass129.jpg,1
paper289.jpg,2
metal381.jpg,5
glass163_aug.jpg,1
paper563.jpg,2
paper574.jpg,2
metal254_aug.jpg,5
glass113_aug.jpg,1
paper275.jpg,2
paper436_aug.jpg,2
cardboard29_aug.jpg,3
glass104.jpg,1
plastic34.jpg,4
cardboard351.jpg,3
glass78_aug.jpg,1
paper109.jpg,2
paper242.jpg,2
plastic400.jpg,4
glass221_aug.jpg,1
metal280_aug.jpg,5
metal34_aug.jpg,5
glass452.jpg,1
cardboard291.jpg,3
paper472_aug.jpg,2
metal182.jpg,5
glass449.jpg,1
glass13.jpg,1
metal345_aug.jpg,5
glass419_aug.jpg,1
plastic449.jpg,4
glass238.jpg,1
cardboard72_aug.jpg,3
paper192_aug.jpg,2
paper287.jpg,2
cardboard391_aug.jpg,3
plastic103_aug.jpg,4
paper495.jpg,2
glass108.jpg,1
plastic388.jpg,4
metal50_aug.jpg,5
trash58.jpg,6
cardboard357_aug.jpg,3
plastic102.jpg,4
plastic301_aug.jpg,4
plastic210_aug.jpg,4
plastic111_aug.jpg,4
cardboard10_aug.jpg,3
paper489.jpg,2
metal297_aug.jpg,5
paper12.jpg,2
paper93_aug.jpg,2
metal125.jpg,5
paper424.jpg,2
metal191.jpg,5
plastic329_aug.jpg,4
glass97.jpg,1
metal247.jpg,5
metal83_aug.jpg,5
trash128.jpg,6
metal295.jpg,5
metal256.jpg,5
plastic108.jpg,4
metal174.jpg,5
plastic96_aug.jpg,4
metal115.jpg,5
trash23_aug.jpg,6
paper285_aug.jpg,2
metal262_aug.jpg,5
plastic20_aug.jpg,4
glass397_aug.jpg,1
cardboard378_aug.jpg,3
glass32.jpg,1
plastic359_aug.jpg,4
glass411.jpg,1
glass438_aug.jpg,1
plastic113.jpg,4
trash82_aug.jpg,6
cardboard387.jpg,3
paper52_aug.jpg,2
cardboard373_aug.jpg,3
metal268.jpg,5
paper370.jpg,2
plastic131_aug.jpg,4
cardboard150_aug.jpg,3
plastic197_aug.jpg,4
cardboard358.jpg,3
paper374_aug.jpg,2
cardboard378_aug.jpg,3
glass287.jpg,1
trash49_aug.jpg,6
cardboard51_aug.jpg,3
cardboard180_aug.jpg,3
plastic187.jpg,4
metal232.jpg,5
metal200_aug.jpg,5
paper464.jpg,2
metal84.jpg,5
glass281_aug.jpg,1
glass54_aug.jpg,1
paper276.jpg,2
glass410_aug.jpg,1
glass200.jpg,1
paper192.jpg,2
glass410_aug.jpg,1
plastic322.jpg,4
metal372_aug.jpg,5
metal114.jpg,5
plastic169_aug.jpg,4
paper2_aug.jpg,2
metal401.jpg,5
cardboard327.jpg,3
plastic148_aug.jpg,4
paper346.jpg,2
trash47_aug.jpg,6
plastic359_aug.jpg,4
plastic190_aug.jpg,4
metal146_aug.jpg,5
paper543_aug.jpg,2
trash122.jpg,6
plastic182.jpg,4
plastic395.jpg,4
paper492_aug.jpg,2
plastic13_aug.jpg,4
glass228.jpg,1
paper5_aug.jpg,2
cardboard235.jpg,3
paper335.jpg,2
metal110.jpg,5
plastic452.jpg,4
glass476.jpg,1
cardboard266_aug.jpg,3
glass484.jpg,1
plastic390_aug.jpg,4
glass486_aug.jpg,1
plastic260.jpg,4
paper485.jpg,2
glass96_aug.jpg,1
cardboard230_aug.jpg,3
cardboard135_aug.jpg,3
plastic334_aug.jpg,4
glass410.jpg,1
paper585.jpg,2
paper247.jpg,2
glass238_aug.jpg,1
glass334.jpg,1
paper220_aug.jpg,2
plastic92_aug.jpg,4
cardboard258_aug.jpg,3
glass357.jpg,1
plastic334.jpg,4
glass451_aug.jpg,1
paper404_aug.jpg,2
paper313.jpg,2
glass295_aug.jpg,1
glass73_aug.jpg,1
metal10.jpg,5
trash75.jpg,6
glass378_aug.jpg,1
plastic151.jpg,4
metal205_aug.jpg,5
metal181_aug.jpg,5
cardboard98_aug.jpg,3
cardboard106_aug.jpg,3
plastic211.jpg,4
cardboard78_aug.jpg,3
paper555.jpg,2
plastic455.jpg,4
metal92.jpg,5
glass86_aug.jpg,1
paper557.jpg,2
plastic188_aug.jpg,4
paper429_aug.jpg,2
paper222_aug.jpg,2
plastic424_aug.jpg,4
metal129.jpg,5
plastic295_aug.jpg,4
cardboard36_aug.jpg,3
plastic3_aug.jpg,4
glass45.jpg,1
metal362_aug.jpg,5
glass133_aug.jpg,1
paper5.jpg,2
glass56.jpg,1
metal331_aug.jpg,5
glass455_aug.jpg,1
plastic142.jpg,4
plastic448_aug.jpg,4
cardboard129.jpg,3
glass118_aug.jpg,1
paper307.jpg,2
metal149_aug.jpg,5
trash84_aug.jpg,6
glass106.jpg,1
glass350.jpg,1
glass424_aug.jpg,1
glass286_aug.jpg,1
plastic434.jpg,4
metal59_aug.jpg,5
plastic33_aug.jpg,4
paper337_aug.jpg,2
plastic277.jpg,4
cardboard29_aug.jpg,3
metal3_aug.jpg,5
metal160.jpg,5
metal17.jpg,5
glass126_aug.jpg,1
plastic311_aug.jpg,4
plastic73_aug.jpg,4
cardboard225.jpg,3
paper320_aug.jpg,2
paper15_aug.jpg,2
metal379.jpg,5
glass134.jpg,1
plastic228.jpg,4
paper561.jpg,2
cardboard392.jpg,3
plastic348_aug.jpg,4
metal362_aug.jpg,5
paper417_aug.jpg,2
paper83.jpg,2
glass51.jpg,1
metal330_aug.jpg,5
cardboard293.jpg,3
plastic15.jpg,4
cardboard324_aug.jpg,3
glass33.jpg,1
glass289.jpg,1
paper356_aug.jpg,2
cardboard46.jpg,3
metal342_aug.jpg,5
metal356.jpg,5
paper532_aug.jpg,2
plastic252.jpg,4
metal193_aug.jpg,5
glass376_aug.jpg,1
trash44_aug.jpg,6
paper186.jpg,2
paper270_aug.jpg,2
paper302_aug.jpg,2
metal354.jpg,5
paper230_aug.jpg,2
cardboard203_aug.jpg,3
paper575.jpg,2
cardboard165_aug.jpg,3
glass421.jpg,1
cardboard92_aug.jpg,3
paper307_aug.jpg,2
paper528.jpg,2
paper340_aug.jpg,2
plastic244.jpg,4
paper571.jpg,2
metal286_aug.jpg,5
plastic183_aug.jpg,4
glass133_aug.jpg,1
paper543_aug.jpg,2
plastic40_aug.jpg,4
plastic289.jpg,4
paper356.jpg,2
glass394.jpg,1
paper250.jpg,2
cardboard283_aug.jpg,3
trash61.jpg,6
glass347.jpg,1
cardboard187_aug.jpg,3
trash23.jpg,6
paper588.jpg,2
plastic477.jpg,4
trash57.jpg,6
glass335_aug.jpg,1
paper586_aug.jpg,2
cardboard356_aug.jpg,3
paper139_aug.jpg,2
paper363.jpg,2
metal384_aug.jpg,5
glass472.jpg,1
glass261_aug.jpg,1
glass322_aug.jpg,1
paper366.jpg,2
plastic479.jpg,4
cardboard214_aug.jpg,3
plastic448.jpg,4
paper22.jpg,2
metal172_aug.jpg,5
paper438_aug.jpg,2
paper71_aug.jpg,2
plastic415_aug.jpg,4
glass280_aug.jpg,1
metal163_aug.jpg,5
plastic298_aug.jpg,4
plastic310.jpg,4
plastic425_aug.jpg,4
plastic262_aug.jpg,4
glass455_aug.jpg,1
glass105_aug.jpg,1
trash19.jpg,6
glass480.jpg,1
metal247_aug.jpg,5
glass254_aug.jpg,1
paper174_aug.jpg,2
plastic251.jpg,4
trash12_aug.jpg,6
metal21_aug.jpg,5
metal107_aug.jpg,5
paper108.jpg,2
paper491.jpg,2
metal198.jpg,5
paper395_aug.jpg,2
trash35_aug.jpg,6
paper133.jpg,2
paper378.jpg,2
metal393.jpg,5
glass4_aug.jpg,1
metal206.jpg,5
cardboard314_aug.jpg,3
metal289.jpg,5
glass147_aug.jpg,1
paper565_aug.jpg,2
glass455_aug.jpg,1
cardboard19.jpg,3
plastic472_aug.jpg,4
trash50_aug.jpg,6
plastic252_aug.jpg,4
metal409_aug.jpg,5
paper357.jpg,2
metal176.jpg,5
glass275_aug.jpg,1
trash79.jpg,6
paper339_aug.jpg,2
glass306.jpg,1
plastic326_aug.jpg,4
metal197_aug.jpg,5
plastic200.jpg,4
plastic401_aug.jpg,4
plastic274_aug.jpg,4
cardboard270_aug.jpg,3
paper100_aug.jpg,2
cardboard180_aug.jpg,3
metal291.jpg,5
plastic470.jpg,4
cardboard10_aug.jpg,3
cardboard51_aug.jpg,3
paper147.jpg,2
paper549.jpg,2
cardboard76.jpg,3
cardboard16_aug.jpg,3
paper259.jpg,2
paper490.jpg,2
plastic317_aug.jpg,4
paper440_aug.jpg,2
glass196_aug.jpg,1
cardboard29_aug.jpg,3
cardboard356.jpg,3
glass4_aug.jpg,1
paper98.jpg,2
glass329_aug.jpg,1
paper535_aug.jpg,2
glass462.jpg,1
glass427_aug.jpg,1
metal14.jpg,5
metal196.jpg,5
metal332.jpg,5
paper258_aug.jpg,2
trash61_aug.jpg,6
glass91_aug.jpg,1
metal290_aug.jpg,5
cardboard312.jpg,3
paper450.jpg,2
paper506_aug.jpg,2
plastic390.jpg,4
metal76_aug.jpg,5
paper594_aug.jpg,2
trash8_aug.jpg,6
cardboard357_aug.jpg,3
plastic221.jpg,4
plastic153.jpg,4
metal10_aug.jpg,5
metal23.jpg,5
glass342.jpg,1
plastic441.jpg,4
metal135_aug.jpg,5
glass75_aug.jpg,1
paper403_aug.jpg,2
plastic368_aug.jpg,4
glass185.jpg,1
glass81.jpg,1
cardboard371.jpg,3
plastic103.jpg,4
plastic464.jpg,4
cardboard256_aug.jpg,3
paper410.jpg,2
plastic137.jpg,4
metal324.jpg,5
metal172_aug.jpg,5
cardboard62.jpg,3
metal193_aug.jpg,5
metal237_aug.jpg,5
glass383_aug.jpg,1
plastic271_aug.jpg,4
glass478_aug.jpg,1
metal302_aug.jpg,5
plastic3_aug.jpg,4
paper561_aug.jpg,2
paper594.jpg,2
paper498.jpg,2
glass228_aug.jpg,1
metal409_aug.jpg,5
metal227_aug.jpg,5
paper326.jpg,2
metal389_aug.jpg,5
plastic388_aug.jpg,4
cardboard16_aug.jpg,3
metal62.jpg,5
metal400_aug.jpg,5
cardboard34.jpg,3
paper429.jpg,2
cardboard403.jpg,3
glass63_aug.jpg,1
plastic459_aug.jpg,4
cardboard118_aug.jpg,3
paper556_aug.jpg,2
paper22_aug.jpg,2
glass285.jpg,1
plastic345.jpg,4
paper494.jpg,2
paper532.jpg,2
metal156.jpg,5
paper96_aug.jpg,2
glass110.jpg,1
paper369.jpg,2
metal215.jpg,5
metal144_aug.jpg,5
paper63_aug.jpg,2
trash66_aug.jpg,6
cardboard208_aug.jpg,3
paper377_aug.jpg,2
glass193_aug.jpg,1
cardboard100.jpg,3
cardboard19_aug.jpg,3
paper3_aug.jpg,2
glass188.jpg,1
glass406.jpg,1
glass471_aug.jpg,1
glass443.jpg,1
paper150.jpg,2
paper41_aug.jpg,2
paper400.jpg,2
metal380.jpg,5
plastic115.jpg,4
glass6.jpg,1
glass213.jpg,1
paper399_aug.jpg,2
paper291_aug.jpg,2
glass447_aug.jpg,1
metal152.jpg,5
paper443_aug.jpg,2
metal51.jpg,5
plastic284.jpg,4
paper2_aug.jpg,2
plastic412.jpg,4
glass455_aug.jpg,1
paper574_aug.jpg,2
plastic112.jpg,4
cardboard210.jpg,3
plastic245.jpg,4
cardboard403_aug.jpg,3
glass53_aug.jpg,1
glass232.jpg,1
paper297_aug.jpg,2
plastic319_aug.jpg,4
glass235_aug.jpg,1
glass194.jpg,1
plastic301_aug.jpg,4
cardboard248_aug.jpg,3
metal402.jpg,5
glass408.jpg,1
paper74_aug.jpg,2
metal297_aug.jpg,5
plastic199.jpg,4
glass322_aug.jpg,1
plastic351.jpg,4
trash54_aug.jpg,6
glass345.jpg,1
metal263_aug.jpg,5
trash112.jpg,6
plastic364_aug.jpg,4
paper591.jpg,2
paper210_aug.jpg,2
paper291_aug.jpg,2
paper102_aug.jpg,2
glass221_aug.jpg,1
paper314.jpg,2
metal396.jpg,5
plastic266.jpg,4
plastic301_aug.jpg,4
plastic1_aug.jpg,4
cardboard135_aug.jpg,3
paper273.jpg,2
paper55_aug.jpg,2
cardboard332.jpg,3
paper272.jpg,2
paper489_aug.jpg,2
plastic94_aug.jpg,4
cardboard253_aug.jpg,3
glass192.jpg,1
metal118_aug.jpg,5
paper290.jpg,2
cardboard309.jpg,3
plastic235.jpg,4
paper401_aug.jpg,2
glass383_aug.jpg,1
cardboard60_aug.jpg,3
glass28.jpg,1
paper254_aug.jpg,2
glass121.jpg,1
paper180_aug.jpg,2
glass470.jpg,1
glass71.jpg,1
glass185_aug.jpg,1
plastic177.jpg,4
metal135_aug.jpg,5
metal382_aug.jpg,5
metal382.jpg,5
paper311.jpg,2
paper242_aug.jpg,2
paper334_aug.jpg,2
cardboard155.jpg,3
paper390.jpg,2
glass195.jpg,1
cardboard259_aug.jpg,3
metal31.jpg,5
metal340_aug.jpg,5
metal348_aug.jpg,5
plastic392.jpg,4
paper461_aug.jpg,2
metal362_aug.jpg,5
paper279.jpg,2
paper511_aug.jpg,2
plastic167.jpg,4
glass265.jpg,1
trash87.jpg,6
metal227.jpg,5
paper288.jpg,2
plastic146.jpg,4
paper565_aug.jpg,2
cardboard241_aug.jpg,3
paper570_aug.jpg,2
plastic290.jpg,4
plastic401_aug.jpg,4
cardboard384.jpg,3
metal255.jpg,5
plastic362_aug.jpg,4
glass424_aug.jpg,1
trash76.jpg,6
metal149_aug.jpg,5
paper523_aug.jpg,2
cardboard203_aug.jpg,3
paper52.jpg,2
metal398.jpg,5
plastic314.jpg,4
plastic136.jpg,4
cardboard9.jpg,3
cardboard102.jpg,3
glass451.jpg,1
plastic298_aug.jpg,4
metal102_aug.jpg,5
metal64.jpg,5
paper340_aug.jpg,2
plastic5.jpg,4
paper523.jpg,2
trash77_aug.jpg,6
paper233_aug.jpg,2
paper240.jpg,2
cardboard79.jpg,3
plastic228_aug.jpg,4
glass128_aug.jpg,1
paper430_aug.jpg,2
metal266.jpg,5
metal234_aug.jpg,5
paper480.jpg,2
glass190_aug.jpg,1
trash47_aug.jpg,6
paper412.jpg,2
paper210_aug.jpg,2
paper235.jpg,2
trash27_aug.jpg,6
plastic443.jpg,4
glass113_aug.jpg,1
glass415_aug.jpg,1
glass332.jpg,1
cardboard157.jpg,3
metal49_aug.jpg,5
trash53.jpg,6
glass358_aug.jpg,1
trash50_aug.jpg,6
metal95_aug.jpg,5
paper137.jpg,2
plastic176.jpg,4
trash42_aug.jpg,6
plastic273.jpg,4
plastic20_aug.jpg,4
glass69.jpg,1
plastic43_aug.jpg,4
metal200.jpg,5
glass7_aug.jpg,1
cardboard372_aug.jpg,3
plastic74.jpg,4
paper523_aug.jpg,2
paper260_aug.jpg,2
glass371_aug.jpg,1
metal178.jpg,5
glass93.jpg,1
plastic36.jpg,4
cardboard210_aug.jpg,3
glass310.jpg,1
paper139_aug.jpg,2
plastic51_aug.jpg,4
glass436.jpg,1
metal374_aug.jpg,5
glass86.jpg,1
paper174.jpg,2
plastic195_aug.jpg,4
plastic82.jpg,4
glass371_aug.jpg,1
metal78.jpg,5
metal81_aug.jpg,5
paper9.jpg,2
glass473.jpg,1
metal26.jpg,5
paper175.jpg,2
glass241.jpg,1
glass47_aug.jpg,1
plastic346.jpg,4
metal180.jpg,5
plastic410_aug.jpg,4
plastic147_aug.jpg,4
glass25.jpg,1
paper341.jpg,2
paper409.jpg,2
metal121.jpg,5
glass66_aug.jpg,1
paper356_aug.jpg,2
glass9_aug.jpg,1
metal90.jpg,5
plastic82_aug.jpg,4
trash84.jpg,6
paper481.jpg,2
plastic248_aug.jpg,4
metal214_aug.jpg,5
paper195_aug.jpg,2
glass26_aug.jpg,1
plastic356.jpg,4
plastic343.jpg,4
glass488.jpg,1
plastic373.jpg,4
cardboard122_aug.jpg,3
paper590_aug.jpg,2
metal337_aug.jpg,5
plastic216_aug.jpg,4
glass87_aug.jpg,1
paper186_aug.jpg,2
paper572_aug.jpg,2
trash33.jpg,6
metal121_aug.jpg,5
trash133_aug.jpg,6
paper351_aug.jpg,2
paper311_aug.jpg,2
glass303.jpg,1
glass177.jpg,1
glass356.jpg,1
glass156.jpg,1
plastic130.jpg,4
metal286.jpg,5
metal120_aug.jpg,5
cardboard327_aug.jpg,3
paper3_aug.jpg,2
plastic334_aug.jpg,4
cardboard150_aug.jpg,3
paper553.jpg,2
plastic150.jpg,4
glass202.jpg,1
cardboard217.jpg,3
glass365.jpg,1
cardboard154_aug.jpg,3
cardboard292.jpg,3
glass113.jpg,1
metal259_aug.jpg,5
paper395.jpg,2
glass75_aug.jpg,1
plastic163_aug.jpg,4
cardboard264.jpg,3
metal139.jpg,5
plastic120_aug.jpg,4
glass478_aug.jpg,1
glass478.jpg,1
paper263_aug.jpg,2
cardboard29_aug.jpg,3
cardboard196_aug.jpg,3
paper249_aug.jpg,2
metal89.jpg,5
glass295_aug.jpg,1
cardboard352.jpg,3
plastic213.jpg,4
metal359_aug.jpg,5
paper365.jpg,2
plastic120_aug.jpg,4
cardboard19_aug.jpg,3
metal410.jpg,5
glass289_aug.jpg,1
plastic306.jpg,4
cardboard21.jpg,3
glass209_aug.jpg,1
glass375_aug.jpg,1
paper171_aug.jpg,2
metal47.jpg,5
metal93_aug.jpg,5
glass198_aug.jpg,1
paper583.jpg,2
paper186_aug.jpg,2
plastic77.jpg,4
paper570_aug.jpg,2
paper78_aug.jpg,2
plastic293.jpg,4
glass255_aug.jpg,1
metal27_aug.jpg,5
paper17.jpg,2
glass471_aug.jpg,1
metal366.jpg,5
plastic318_aug.jpg,4
trash10_aug.jpg,6
metal309.jpg,5
glass90.jpg,1
cardboard366_aug.jpg,3
glass465.jpg,1
cardboard124_aug.jpg,3
cardboard140_aug.jpg,3
metal86_aug.jpg,5
plastic165.jpg,4
metal279.jpg,5
plastic472_aug.jpg,4
plastic370.jpg,4
cardboard206.jpg,3
cardboard380_aug.jpg,3
plastic481_aug.jpg,4
metal144.jpg,5
paper450_aug.jpg,2
paper514.jpg,2
plastic274_aug.jpg,4
paper15.jpg,2
metal385.jpg,5
metal357_aug.jpg,5
glass82.jpg,1
plastic129.jpg,4
plastic264.jpg,4
paper181_aug.jpg,2
cardboard88.jpg,3
paper558.jpg,2
paper505_aug.jpg,2
paper110_aug.jpg,2
trash21.jpg,6
trash46.jpg,6
paper70_aug.jpg,2
paper208.jpg,2
metal361.jpg,5
paper224_aug.jpg,2
glass431_aug.jpg,1
paper397.jpg,2
paper15_aug.jpg,2
paper430.jpg,2
metal121_aug.jpg,5
metal72_aug.jpg,5
glass254.jpg,1
cardboard250.jpg,3
cardboard165_aug.jpg,3
plastic141.jpg,4
plastic271.jpg,4
cardboard325_aug.jpg,3
paper440_aug.jpg,2
glass237.jpg,1
metal19_aug.jpg,5
cardboard180.jpg,3
cardboard61_aug.jpg,3
glass162.jpg,1
plastic468.jpg,4
cardboard169.jpg,3
metal130_aug.jpg,5
trash16_aug.jpg,6
cardboard306.jpg,3
trash59_aug.jpg,6
paper125_aug.jpg,2
paper394_aug.jpg,2
paper96_aug.jpg,2
cardboard219_aug.jpg,3
cardboard10.jpg,3
plastic407.jpg,4
metal172_aug.jpg,5
paper184.jpg,2
plastic460_aug.jpg,4
plastic378_aug.jpg,4
cardboard22.jpg,3
glass450.jpg,1
metal264.jpg,5
cardboard324.jpg,3
cardboard260_aug.jpg,3
paper590.jpg,2
plastic91.jpg,4
glass18_aug.jpg,1
metal146_aug.jpg,5
glass277_aug.jpg,1
metal118.jpg,5
metal237_aug.jpg,5
metal252.jpg,5
plastic246.jpg,4
metal296.jpg,5
paper205.jpg,2
metal205_aug.jpg,5
plastic435_aug.jpg,4
plastic342.jpg,4
paper130.jpg,2
plastic41.jpg,4
plastic156_aug.jpg,4
glass307_aug.jpg,1
metal360.jpg,5
plastic478_aug.jpg,4
paper45.jpg,2
cardboard75_aug.jpg,3
plastic326_aug.jpg,4
metal118_aug.jpg,5
metal290_aug.jpg,5
metal271_aug.jpg,5
plastic436.jpg,4
plastic238.jpg,4
metal208.jpg,5
plastic75_aug.jpg,4
glass128_aug.jpg,1
plastic301_aug.jpg,4
paper14.jpg,2
paper338.jpg,2
metal72_aug.jpg,5
trash9_aug.jpg,6
glass7.jpg,1
cardboard84_aug.jpg,3
paper202_aug.jpg,2
paper348.jpg,2
cardboard350.jpg,3
plastic40.jpg,4
trash129_aug.jpg,6
cardboard234_aug.jpg,3
trash15.jpg,6
metal409_aug.jpg,5
paper520_aug.jpg,2
cardboard322.jpg,3
trash119_aug.jpg,6
metal399.jpg,5
paper66.jpg,2
cardboard366_aug.jpg,3
glass488_aug.jpg,1
plastic290_aug.jpg,4
metal22_aug.jpg,5
plastic21.jpg,4
